Non-overlapping 14-day period,Region,Number of tests positive for COVID-19,Total number of tests in sample 
01 February 2023 to 14 February 2023,East Midlands,182,9389
01 February 2023 to 14 February 2023,East of England,268,14104
01 February 2023 to 14 February 2023,England,,122231
01 February 2023 to 14 February 2023,England ,2623,
01 February 2023 to 14 February 2023,London,520,22421
01 February 2023 to 14 February 2023,North East,118,5342
01 February 2023 to 14 February 2023,North West,332,16532
01 February 2023 to 14 February 2023,South East,427,18796
01 February 2023 to 14 February 2023,South West,263,12162
01 February 2023 to 14 February 2023,West Midlands,219,11400
01 February 2023 to 14 February 2023,Yorkshire and The Humber,294,12085
01 September 2021 to 14 September 2021,East Midlands,120,11491
01 September 2021 to 14 September 2021,East of England,121,16905
01 September 2021 to 14 September 2021,England,,153652
01 September 2021 to 14 September 2021,England ,1530,
01 September 2021 to 14 September 2021,London,281,32267
01 September 2021 to 14 September 2021,North East,101,6547
01 September 2021 to 14 September 2021,North West,229,20160
01 September 2021 to 14 September 2021,South East,222,23965
01 September 2021 to 14 September 2021,South West,127,13060
01 September 2021 to 14 September 2021,West Midlands,140,13990
01 September 2021 to 14 September 2021,Yorkshire and The Humber,189,15267
02 February 2022 to 15 February 2022,East Midlands,455,13125
02 February 2022 to 15 February 2022,East of England,751,19239
02 February 2022 to 15 February 2022,England,,167537
02 February 2022 to 15 February 2022,England ,6585,
02 February 2022 to 15 February 2022,London,1397,30762
02 February 2022 to 15 February 2022,North East,274,7414
02 February 2022 to 15 February 2022,North West,732,22289
02 February 2022 to 15 February 2022,South East,1068,24974
02 February 2022 to 15 February 2022,South West,687,17442
02 February 2022 to 15 February 2022,West Midlands,585,15518
02 February 2022 to 15 February 2022,Yorkshire and The Humber,636,16774
02 March 2022 to 15 March 2022,East Midlands,448,11091
02 March 2022 to 15 March 2022,East of England,810,16347
02 March 2022 to 15 March 2022,England,,148324
02 March 2022 to 15 March 2022,England ,6570,
02 March 2022 to 15 March 2022,London,1360,27605
02 March 2022 to 15 March 2022,North East,211,6598
02 March 2022 to 15 March 2022,North West,761,19978
02 March 2022 to 15 March 2022,South East,1197,22968
02 March 2022 to 15 March 2022,South West,734,15359
02 March 2022 to 15 March 2022,West Midlands,529,13859
02 March 2022 to 15 March 2022,Yorkshire and The Humber,520,14519
02 September 2020 to 15 September 2020,East Midlands,12,8946
02 September 2020 to 15 September 2020,East of England,10,9870
02 September 2020 to 15 September 2020,England,,103724
02 September 2020 to 15 September 2020,England ,148,
02 September 2020 to 15 September 2020,London,28,16291
02 September 2020 to 15 September 2020,North East,9,4568
02 September 2020 to 15 September 2020,North West,47,15662
02 September 2020 to 15 September 2020,South East,13,16862
02 September 2020 to 15 September 2020,South West,5,10901
02 September 2020 to 15 September 2020,West Midlands,3,9163
02 September 2020 to 15 September 2020,Yorkshire and The Humber,21,11461
03 August 2022 to 16 August 2022,East Midlands,120,5510
03 August 2022 to 16 August 2022,East of England,202,9101
03 August 2022 to 16 August 2022,England,,76078
03 August 2022 to 16 August 2022,England ,1809,
03 August 2022 to 16 August 2022,London,313,13301
03 August 2022 to 16 August 2022,North East,90,3630
03 August 2022 to 16 August 2022,North West,261,10672
03 August 2022 to 16 August 2022,South East,268,11583
03 August 2022 to 16 August 2022,South West,162,7719
03 August 2022 to 16 August 2022,West Midlands,187,6919
03 August 2022 to 16 August 2022,Yorkshire and The Humber,206,7643
03 February 2021 to 16 February 2021,East Midlands,120,13440
03 February 2021 to 16 February 2021,East of England,161,19882
03 February 2021 to 16 February 2021,England,,185276
03 February 2021 to 16 February 2021,England ,1672,
03 February 2021 to 16 February 2021,London,467,42594
03 February 2021 to 16 February 2021,North East,56,7283
03 February 2021 to 16 February 2021,North West,263,24691
03 February 2021 to 16 February 2021,South East,203,26854
03 February 2021 to 16 February 2021,South West,110,17532
03 February 2021 to 16 February 2021,West Midlands,149,15595
03 February 2021 to 16 February 2021,Yorkshire and The Humber,143,17405
03 March 2021 to 16 March 2021,East Midlands,44,11623
03 March 2021 to 16 March 2021,East of England,35,18010
03 March 2021 to 16 March 2021,England,,159222
03 March 2021 to 16 March 2021,England ,485,
03 March 2021 to 16 March 2021,London,91,33226
03 March 2021 to 16 March 2021,North East,22,6692
03 March 2021 to 16 March 2021,North West,74,21521
03 March 2021 to 16 March 2021,South East,67,24418
03 March 2021 to 16 March 2021,South West,37,14590
03 March 2021 to 16 March 2021,West Midlands,52,13620
03 March 2021 to 16 March 2021,Yorkshire and The Humber,63,15522
04 August 2021 to 17 August 2021,East Midlands,119,10715
04 August 2021 to 17 August 2021,East of England,132,15227
04 August 2021 to 17 August 2021,England,,142395
04 August 2021 to 17 August 2021,England ,1480,
04 August 2021 to 17 August 2021,London,346,28207
04 August 2021 to 17 August 2021,North East,63,5917
04 August 2021 to 17 August 2021,North West,224,19308
04 August 2021 to 17 August 2021,South East,192,23293
04 August 2021 to 17 August 2021,South West,84,11682
04 August 2021 to 17 August 2021,West Midlands,121,13293
04 August 2021 to 17 August 2021,Yorkshire and The Humber,199,14753
04 January 2023 to 17 January 2023,East Midlands,241,9573
04 January 2023 to 17 January 2023,East of England,317,14232
04 January 2023 to 17 January 2023,England,,126377
04 January 2023 to 17 January 2023,England ,2793,
04 January 2023 to 17 January 2023,London,436,23682
04 January 2023 to 17 January 2023,North East,123,5675
04 January 2023 to 17 January 2023,North West,379,17367
04 January 2023 to 17 January 2023,South East,410,19024
04 January 2023 to 17 January 2023,South West,351,12634
04 January 2023 to 17 January 2023,West Midlands,261,11655
04 January 2023 to 17 January 2023,Yorkshire and The Humber,275,12535
05 August 2020 to 18 August 2020,East Midlands,[c],5221
05 August 2020 to 18 August 2020,East of England,[c],5181
05 August 2020 to 18 August 2020,England,,55578
05 August 2020 to 18 August 2020,England ,26,
05 August 2020 to 18 August 2020,London,3,5752
05 August 2020 to 18 August 2020,North East,[c],2799
05 August 2020 to 18 August 2020,North West,6,7878
05 August 2020 to 18 August 2020,South East,[c],10483
05 August 2020 to 18 August 2020,South West,[c],6747
05 August 2020 to 18 August 2020,West Midlands,[c],5663
05 August 2020 to 18 August 2020,Yorkshire and The Humber,9,5854
05 January 2022 to 18 January 2022,East Midlands,560,11830
05 January 2022 to 18 January 2022,East of England,708,18102
05 January 2022 to 18 January 2022,England,,166697
05 January 2022 to 18 January 2022,England ,8201,
05 January 2022 to 18 January 2022,London,1696,33323
05 January 2022 to 18 January 2022,North East,523,7429
05 January 2022 to 18 January 2022,North West,1363,22063
05 January 2022 to 18 January 2022,South East,1006,25605
05 January 2022 to 18 January 2022,South West,521,16918
05 January 2022 to 18 January 2022,West Midlands,845,15763
05 January 2022 to 18 January 2022,Yorkshire and The Humber,979,15664
06 January 2021 to 19 January 2021,East Midlands,170,11419
06 January 2021 to 19 January 2021,East of England,327,21095
06 January 2021 to 19 January 2021,England,,177088
06 January 2021 to 19 January 2021,England ,3409,
06 January 2021 to 19 January 2021,London,1193,42214
06 January 2021 to 19 January 2021,North East,143,6713
06 January 2021 to 19 January 2021,North West,478,23474
06 January 2021 to 19 January 2021,South East,487,26272
06 January 2021 to 19 January 2021,South West,218,17406
06 January 2021 to 19 January 2021,West Midlands,233,13305
06 January 2021 to 19 January 2021,Yorkshire and The Humber,160,15190
06 July 2022 to 19 July 2022,East Midlands,286,5690
06 July 2022 to 19 July 2022,East of England,511,8756
06 July 2022 to 19 July 2022,England,,73461
06 July 2022 to 19 July 2022,England ,4145,
06 July 2022 to 19 July 2022,London,742,12334
06 July 2022 to 19 July 2022,North East,163,3001
06 July 2022 to 19 July 2022,North West,679,10844
06 July 2022 to 19 July 2022,South East,548,10129
06 July 2022 to 19 July 2022,South West,451,8199
06 July 2022 to 19 July 2022,West Midlands,371,6696
06 July 2022 to 19 July 2022,Yorkshire and The Humber,394,7812
07 December 2022 to 20 December 2022,East Midlands,307,8520
07 December 2022 to 20 December 2022,East of England,395,12432
07 December 2022 to 20 December 2022,England,,110430
07 December 2022 to 20 December 2022,England ,3721,
07 December 2022 to 20 December 2022,London,759,20159
07 December 2022 to 20 December 2022,North East,150,5005
07 December 2022 to 20 December 2022,North West,439,15182
07 December 2022 to 20 December 2022,South East,602,16933
07 December 2022 to 20 December 2022,South West,424,10957
07 December 2022 to 20 December 2022,West Midlands,342,10321
07 December 2022 to 20 December 2022,Yorkshire and The Humber,303,10921
07 July 2021 to 20 July 2021,East Midlands,102,10331
07 July 2021 to 20 July 2021,East of England,96,14331
07 July 2021 to 20 July 2021,England,,142077
07 July 2021 to 20 July 2021,England ,1448,
07 July 2021 to 20 July 2021,London,346,30549
07 July 2021 to 20 July 2021,North East,109,6082
07 July 2021 to 20 July 2021,North West,278,18668
07 July 2021 to 20 July 2021,South East,151,22341
07 July 2021 to 20 July 2021,South West,78,11955
07 July 2021 to 20 July 2021,West Midlands,146,13097
07 July 2021 to 20 July 2021,Yorkshire and The Humber,142,14723
08 December 2021 to 21 December 2021,East Midlands,197,11186
08 December 2021 to 21 December 2021,East of England,363,17445
08 December 2021 to 21 December 2021,England,,155814
08 December 2021 to 21 December 2021,England ,3577,
08 December 2021 to 21 December 2021,London,1248,30949
08 December 2021 to 21 December 2021,North East,93,6703
08 December 2021 to 21 December 2021,North West,365,20691
08 December 2021 to 21 December 2021,South East,569,24414
08 December 2021 to 21 December 2021,South West,254,15482
08 December 2021 to 21 December 2021,West Midlands,256,13919
08 December 2021 to 21 December 2021,Yorkshire and The Humber,232,15025
08 July 2020 to 21 July 2020,East Midlands,5,4050
08 July 2020 to 21 July 2020,East of England,[c],4514
08 July 2020 to 21 July 2020,England,,43387
08 July 2020 to 21 July 2020,England ,25,
08 July 2020 to 21 July 2020,London,4,3851
08 July 2020 to 21 July 2020,North East,[c],2407
08 July 2020 to 21 July 2020,North West,[c],6272
08 July 2020 to 21 July 2020,South East,6,7923
08 July 2020 to 21 July 2020,South West,[c],5190
08 July 2020 to 21 July 2020,West Midlands,3,4475
08 July 2020 to 21 July 2020,Yorkshire and The Humber,3,4705
08 June 2022 to 21 June 2022,East Midlands,176,7261
08 June 2022 to 21 June 2022,East of England,254,10240
08 June 2022 to 21 June 2022,England,,94232
08 June 2022 to 21 June 2022,England ,2506,
08 June 2022 to 21 June 2022,London,531,17408
08 June 2022 to 21 June 2022,North East,103,3757
08 June 2022 to 21 June 2022,North West,335,13045
08 June 2022 to 21 June 2022,South East,416,15594
08 June 2022 to 21 June 2022,South West,278,9776
08 June 2022 to 21 June 2022,West Midlands,178,7836
08 June 2022 to 21 June 2022,Yorkshire and The Humber,235,9315
09 December 2020 to 22 December 2020,East Midlands,134,13846
09 December 2020 to 22 December 2020,East of England,299,24956
09 December 2020 to 22 December 2020,England,,191155
09 December 2020 to 22 December 2020,England ,2267,
09 December 2020 to 22 December 2020,London,774,38225
09 December 2020 to 22 December 2020,North East,88,8297
09 December 2020 to 22 December 2020,North West,232,25871
09 December 2020 to 22 December 2020,South East,340,28445
09 December 2020 to 22 December 2020,South West,85,17106
09 December 2020 to 22 December 2020,West Midlands,151,16391
09 December 2020 to 22 December 2020,Yorkshire and The Humber,164,18018
09 June 2021 to 22 June 2021,East Midlands,18,11578
09 June 2021 to 22 June 2021,East of England,16,14049
09 June 2021 to 22 June 2021,England,,145466
09 June 2021 to 22 June 2021,England ,297,
09 June 2021 to 22 June 2021,London,62,32914
09 June 2021 to 22 June 2021,North East,19,6337
09 June 2021 to 22 June 2021,North West,90,16051
09 June 2021 to 22 June 2021,South East,21,23182
09 June 2021 to 22 June 2021,South West,17,11636
09 June 2021 to 22 June 2021,West Midlands,22,14248
09 June 2021 to 22 June 2021,Yorkshire and The Humber,32,15471
09 November 2022 to 22 November 2022,East Midlands,143,8276
09 November 2022 to 22 November 2022,East of England,176,12132
09 November 2022 to 22 November 2022,England,,106079
09 November 2022 to 22 November 2022,England ,1808,
09 November 2022 to 22 November 2022,London,326,19795
09 November 2022 to 22 November 2022,North East,85,4482
09 November 2022 to 22 November 2022,North West,273,14412
09 November 2022 to 22 November 2022,South East,280,16271
09 November 2022 to 22 November 2022,South West,190,10506
09 November 2022 to 22 November 2022,West Midlands,156,9840
09 November 2022 to 22 November 2022,Yorkshire and The Humber,179,10365
10 June 2020 to 23 June 2020,East Midlands,4,3253
10 June 2020 to 23 June 2020,East of England,[c],4426
10 June 2020 to 23 June 2020,England,,36188
10 June 2020 to 23 June 2020,England ,20,
10 June 2020 to 23 June 2020,London,4,3009
10 June 2020 to 23 June 2020,North East,[c],2080
10 June 2020 to 23 June 2020,North West,4,4922
10 June 2020 to 23 June 2020,South East,[c],6597
10 June 2020 to 23 June 2020,South West,[c],4777
10 June 2020 to 23 June 2020,West Midlands,[c],3167
10 June 2020 to 23 June 2020,Yorkshire and The Humber,[c],3957
10 November 2021 to 23 November 2021,East Midlands,193,11296
10 November 2021 to 23 November 2021,East of England,244,17798
10 November 2021 to 23 November 2021,England,,156879
10 November 2021 to 23 November 2021,England ,2115,
10 November 2021 to 23 November 2021,London,334,28175
10 November 2021 to 23 November 2021,North East,115,6861
10 November 2021 to 23 November 2021,North West,273,21585
10 November 2021 to 23 November 2021,South East,320,24085
10 November 2021 to 23 November 2021,South West,234,16540
10 November 2021 to 23 November 2021,West Midlands,207,14431
10 November 2021 to 23 November 2021,Yorkshire and The Humber,195,16108
11 May 2022 to 24 May 2022,East Midlands,139,8512
11 May 2022 to 24 May 2022,East of England,223,13422
11 May 2022 to 24 May 2022,England,,114198
11 May 2022 to 24 May 2022,England ,1933,
11 May 2022 to 24 May 2022,London,320,20540
11 May 2022 to 24 May 2022,North East,112,5072
11 May 2022 to 24 May 2022,North West,235,16061
11 May 2022 to 24 May 2022,South East,327,18153
11 May 2022 to 24 May 2022,South West,218,11332
11 May 2022 to 24 May 2022,West Midlands,169,9682
11 May 2022 to 24 May 2022,Yorkshire and The Humber,190,11424
11 November 2020 to 24 November 2020,East Midlands,193,15848
11 November 2020 to 24 November 2020,East of England,152,28532
11 November 2020 to 24 November 2020,England,,215719
11 November 2020 to 24 November 2020,England ,2327,
11 November 2020 to 24 November 2020,London,352,43179
11 November 2020 to 24 November 2020,North East,142,9066
11 November 2020 to 24 November 2020,North West,486,27980
11 November 2020 to 24 November 2020,South East,238,32317
11 November 2020 to 24 November 2020,South West,122,19310
11 November 2020 to 24 November 2020,West Midlands,261,18749
11 November 2020 to 24 November 2020,Yorkshire and The Humber,381,20738
12 May 2021 to 25 May 2021,East Midlands,12,12015
12 May 2021 to 25 May 2021,East of England,17,15014
12 May 2021 to 25 May 2021,England,,148040
12 May 2021 to 25 May 2021,England ,151,
12 May 2021 to 25 May 2021,London,40,29639
12 May 2021 to 25 May 2021,North East,6,7140
12 May 2021 to 25 May 2021,North West,23,19521
12 May 2021 to 25 May 2021,South East,9,23209
12 May 2021 to 25 May 2021,South West,6,12600
12 May 2021 to 25 May 2021,West Midlands,9,13951
12 May 2021 to 25 May 2021,Yorkshire and The Humber,29,14951
12 October 2022 to 25 October 2022,East Midlands,273,7083
12 October 2022 to 25 October 2022,East of England,348,10878
12 October 2022 to 25 October 2022,England,,94826
12 October 2022 to 25 October 2022,England ,3051,
12 October 2022 to 25 October 2022,London,486,17329
12 October 2022 to 25 October 2022,North East,139,4305
12 October 2022 to 25 October 2022,North West,439,13005
12 October 2022 to 25 October 2022,South East,473,14647
12 October 2022 to 25 October 2022,South West,286,9350
12 October 2022 to 25 October 2022,West Midlands,285,8697
12 October 2022 to 25 October 2022,Yorkshire and The Humber,322,9532
13 April 2022 to 26 April 2022,East Midlands,497,9816
13 April 2022 to 26 April 2022,East of England,588,14088
13 April 2022 to 26 April 2022,England,,126306
13 April 2022 to 26 April 2022,England ,5646,
13 April 2022 to 26 April 2022,London,894,23659
13 April 2022 to 26 April 2022,North East,301,5247
13 April 2022 to 26 April 2022,North West,850,18889
13 April 2022 to 26 April 2022,South East,813,19085
13 April 2022 to 26 April 2022,South West,550,12160
13 April 2022 to 26 April 2022,West Midlands,580,11508
13 April 2022 to 26 April 2022,Yorkshire and The Humber,573,11854
13 May 2020 to 26 May 2020,East Midlands,7,3243
13 May 2020 to 26 May 2020,East of England,[c],3418
13 May 2020 to 26 May 2020,England,,32486
13 May 2020 to 26 May 2020,England ,47,
13 May 2020 to 26 May 2020,London,[c],2952
13 May 2020 to 26 May 2020,North East,[c],1709
13 May 2020 to 26 May 2020,North West,16,4615
13 May 2020 to 26 May 2020,South East,5,5501
13 May 2020 to 26 May 2020,South West,[c],3887
13 May 2020 to 26 May 2020,West Midlands,8,3646
13 May 2020 to 26 May 2020,Yorkshire and The Humber,5,3515
13 October 2021 to 26 October 2021,East Midlands,195,10865
13 October 2021 to 26 October 2021,East of England,286,16286
13 October 2021 to 26 October 2021,England,,158086
13 October 2021 to 26 October 2021,England ,2730,
13 October 2021 to 26 October 2021,London,440,31274
13 October 2021 to 26 October 2021,North East,97,6982
13 October 2021 to 26 October 2021,North West,392,21507
13 October 2021 to 26 October 2021,South East,408,24450
13 October 2021 to 26 October 2021,South West,366,16196
13 October 2021 to 26 October 2021,West Midlands,264,14989
13 October 2021 to 26 October 2021,Yorkshire and The Humber,282,15537
14 April 2021 to 27 April 2021,East Midlands,11,10893
14 April 2021 to 27 April 2021,East of England,8,15864
14 April 2021 to 27 April 2021,England,,140922
14 April 2021 to 27 April 2021,England ,118,
14 April 2021 to 27 April 2021,London,27,28896
14 April 2021 to 27 April 2021,North East,[c],6311
14 April 2021 to 27 April 2021,North West,22,18979
14 April 2021 to 27 April 2021,South East,16,21187
14 April 2021 to 27 April 2021,South West,[c],12566
14 April 2021 to 27 April 2021,West Midlands,8,12769
14 April 2021 to 27 April 2021,Yorkshire and The Humber,21,13457
14 October 2020 to 27 October 2020,East Midlands,139,17590
14 October 2020 to 27 October 2020,East of England,137,29872
14 October 2020 to 27 October 2020,England,,236073
14 October 2020 to 27 October 2020,England ,2180,
14 October 2020 to 27 October 2020,London,295,42354
14 October 2020 to 27 October 2020,North East,125,12005
14 October 2020 to 27 October 2020,North West,705,34630
14 October 2020 to 27 October 2020,South East,128,34011
14 October 2020 to 27 October 2020,South West,80,19923
14 October 2020 to 27 October 2020,West Midlands,205,22712
14 October 2020 to 27 October 2020,Yorkshire and The Humber,366,22976
14 September 2022 to 27 September 2022,East Midlands,173,7554
14 September 2022 to 27 September 2022,East of England,241,11111
14 September 2022 to 27 September 2022,England,,97680
14 September 2022 to 27 September 2022,England ,2144,
14 September 2022 to 27 September 2022,London,319,17297
14 September 2022 to 27 September 2022,North East,118,4634
14 September 2022 to 27 September 2022,North West,275,13417
14 September 2022 to 27 September 2022,South East,351,14962
14 September 2022 to 27 September 2022,South West,236,10041
14 September 2022 to 27 September 2022,West Midlands,209,8834
14 September 2022 to 27 September 2022,Yorkshire and The Humber,222,9830
15 February 2023 to 28 February 2023,East Midlands,226,9278
15 February 2023 to 28 February 2023,East of England,316,13392
15 February 2023 to 28 February 2023,England,,118529
15 February 2023 to 28 February 2023,England ,2884,
15 February 2023 to 28 February 2023,London,577,21381
15 February 2023 to 28 February 2023,North East,174,5541
15 February 2023 to 28 February 2023,North West,386,16272
15 February 2023 to 28 February 2023,South East,437,18142
15 February 2023 to 28 February 2023,South West,250,11937
15 February 2023 to 28 February 2023,West Midlands,259,10661
15 February 2023 to 28 February 2023,Yorkshire and The Humber,259,11925
15 September 2021 to 28 September 2021,East Midlands,152,11627
15 September 2021 to 28 September 2021,East of England,139,16191
15 September 2021 to 28 September 2021,England,,154704
15 September 2021 to 28 September 2021,England ,1581,
15 September 2021 to 28 September 2021,London,248,29663
15 September 2021 to 28 September 2021,North East,69,6880
15 September 2021 to 28 September 2021,North West,250,21368
15 September 2021 to 28 September 2021,South East,213,24843
15 September 2021 to 28 September 2021,South West,143,15121
15 September 2021 to 28 September 2021,West Midlands,152,13851
15 September 2021 to 28 September 2021,Yorkshire and The Humber,215,15160
16 February 2022 to 01 March 2022,East Midlands,362,12045
16 February 2022 to 01 March 2022,East of England,570,17767
16 February 2022 to 01 March 2022,England,,150791
16 February 2022 to 01 March 2022,England ,4675,
16 February 2022 to 01 March 2022,London,984,27678
16 February 2022 to 01 March 2022,North East,143,6619
16 February 2022 to 01 March 2022,North West,537,21138
16 February 2022 to 01 March 2022,South East,833,23536
16 February 2022 to 01 March 2022,South West,505,14135
16 February 2022 to 01 March 2022,West Midlands,354,13323
16 February 2022 to 01 March 2022,Yorkshire and The Humber,387,14550
16 March 2022 to 29 March 2022,East Midlands,769,12024
16 March 2022 to 29 March 2022,East of England,1207,17160
16 March 2022 to 29 March 2022,England,,148961
16 March 2022 to 29 March 2022,England ,10246,
16 March 2022 to 29 March 2022,London,1978,27273
16 March 2022 to 29 March 2022,North East,363,6684
16 March 2022 to 29 March 2022,North West,1354,21028
16 March 2022 to 29 March 2022,South East,1617,22171
16 March 2022 to 29 March 2022,South West,1194,14518
16 March 2022 to 29 March 2022,West Midlands,848,13385
16 March 2022 to 29 March 2022,Yorkshire and The Humber,916,14718
16 September 2020 to 29 September 2020,East Midlands,20,13270
16 September 2020 to 29 September 2020,East of England,27,17572
16 September 2020 to 29 September 2020,England,,163394
16 September 2020 to 29 September 2020,England ,497,
16 September 2020 to 29 September 2020,London,66,27424
16 September 2020 to 29 September 2020,North East,54,7549
16 September 2020 to 29 September 2020,North West,180,26033
16 September 2020 to 29 September 2020,South East,24,24288
16 September 2020 to 29 September 2020,South West,21,15167
16 September 2020 to 29 September 2020,West Midlands,24,15192
16 September 2020 to 29 September 2020,Yorkshire and The Humber,81,16899
17 August 2022 to 30 August 2022,East Midlands,145,7811
17 August 2022 to 30 August 2022,East of England,154,10817
17 August 2022 to 30 August 2022,England,,95703
17 August 2022 to 30 August 2022,England ,1481,
17 August 2022 to 30 August 2022,London,261,16513
17 August 2022 to 30 August 2022,North East,64,4367
17 August 2022 to 30 August 2022,North West,213,13534
17 August 2022 to 30 August 2022,South East,229,14574
17 August 2022 to 30 August 2022,South West,151,9749
17 August 2022 to 30 August 2022,West Midlands,132,8539
17 August 2022 to 30 August 2022,Yorkshire and The Humber,132,9799
17 February 2021 to 02 March 2021,East Midlands,57,12884
17 February 2021 to 02 March 2021,East of England,66,19044
17 February 2021 to 02 March 2021,England,,173769
17 February 2021 to 02 March 2021,England ,755,
17 February 2021 to 02 March 2021,London,191,38039
17 February 2021 to 02 March 2021,North East,43,7454
17 February 2021 to 02 March 2021,North West,114,22744
17 February 2021 to 02 March 2021,South East,82,26336
17 February 2021 to 02 March 2021,South West,40,16289
17 February 2021 to 02 March 2021,West Midlands,81,14545
17 February 2021 to 02 March 2021,Yorkshire and The Humber,81,16434
17 March 2021 to 30 March 2021,East Midlands,34,10790
17 March 2021 to 30 March 2021,East of England,21,16987
17 March 2021 to 30 March 2021,England,,147968
17 March 2021 to 30 March 2021,England ,374,
17 March 2021 to 30 March 2021,London,68,31472
17 March 2021 to 30 March 2021,North East,25,6358
17 March 2021 to 30 March 2021,North West,72,19971
17 March 2021 to 30 March 2021,South East,40,22423
17 March 2021 to 30 March 2021,South West,14,12907
17 March 2021 to 30 March 2021,West Midlands,37,12550
17 March 2021 to 30 March 2021,Yorkshire and The Humber,63,14510
18 August 2021 to 31 August 2021,East Midlands,114,10628
18 August 2021 to 31 August 2021,East of England,157,15630
18 August 2021 to 31 August 2021,England,,136696
18 August 2021 to 31 August 2021,England ,1486,
18 August 2021 to 31 August 2021,London,250,25749
18 August 2021 to 31 August 2021,North East,84,6506
18 August 2021 to 31 August 2021,North West,195,17983
18 August 2021 to 31 August 2021,South East,216,22254
18 August 2021 to 31 August 2021,South West,143,12318
18 August 2021 to 31 August 2021,West Midlands,136,11690
18 August 2021 to 31 August 2021,Yorkshire and The Humber,191,13938
18 January 2023 to 31 January 2023,East Midlands,144,9317
18 January 2023 to 31 January 2023,East of England,214,13572
18 January 2023 to 31 January 2023,England,,118418
18 January 2023 to 31 January 2023,England ,1887,
18 January 2023 to 31 January 2023,London,306,21209
18 January 2023 to 31 January 2023,North East,91,5346
18 January 2023 to 31 January 2023,North West,240,16354
18 January 2023 to 31 January 2023,South East,291,18258
18 January 2023 to 31 January 2023,South West,206,11943
18 January 2023 to 31 January 2023,West Midlands,163,10871
18 January 2023 to 31 January 2023,Yorkshire and The Humber,232,11548
19 August 2020 to 01 September 2020,East Midlands,[c],6727
19 August 2020 to 01 September 2020,East of England,6,7406
19 August 2020 to 01 September 2020,England,,76672
19 August 2020 to 01 September 2020,England ,46,
19 August 2020 to 01 September 2020,London,11,10741
19 August 2020 to 01 September 2020,North East,[c],3362
19 August 2020 to 01 September 2020,North West,9,11523
19 August 2020 to 01 September 2020,South East,7,12706
19 August 2020 to 01 September 2020,South West,4,8603
19 August 2020 to 01 September 2020,West Midlands,[c],6860
19 August 2020 to 01 September 2020,Yorkshire and The Humber,6,8744
19 January 2022 to 01 February 2022,East Midlands,445,11598
19 January 2022 to 01 February 2022,East of England,774,18843
19 January 2022 to 01 February 2022,England,,159541
19 January 2022 to 01 February 2022,England ,6759,
19 January 2022 to 01 February 2022,London,1314,28861
19 January 2022 to 01 February 2022,North East,322,6892
19 January 2022 to 01 February 2022,North West,926,21703
19 January 2022 to 01 February 2022,South East,1054,25537
19 January 2022 to 01 February 2022,South West,564,15708
19 January 2022 to 01 February 2022,West Midlands,648,14671
19 January 2022 to 01 February 2022,Yorkshire and The Humber,712,15728
20 January 2021 to 02 February 2021,East Midlands,180,13022
20 January 2021 to 02 February 2021,East of England,313,20059
20 January 2021 to 02 February 2021,England,,179473
20 January 2021 to 02 February 2021,England ,2678,
20 January 2021 to 02 February 2021,London,852,43190
20 January 2021 to 02 February 2021,North East,91,6968
20 January 2021 to 02 February 2021,North West,384,23653
20 January 2021 to 02 February 2021,South East,284,25070
20 January 2021 to 02 February 2021,South West,163,17095
20 January 2021 to 02 February 2021,West Midlands,240,15168
20 January 2021 to 02 February 2021,Yorkshire and The Humber,171,15248
20 July 2022 to 02 August 2022,East Midlands,379,9532
20 July 2022 to 02 August 2022,East of England,498,13721
20 July 2022 to 02 August 2022,England,,115591
20 July 2022 to 02 August 2022,England ,4180,
20 July 2022 to 02 August 2022,London,688,19621
20 July 2022 to 02 August 2022,North East,174,4958
20 July 2022 to 02 August 2022,North West,599,16482
20 July 2022 to 02 August 2022,South East,595,17514
20 July 2022 to 02 August 2022,South West,419,11504
20 July 2022 to 02 August 2022,West Midlands,381,10420
20 July 2022 to 02 August 2022,Yorkshire and The Humber,447,11839
21 December 2022 to 03 January 2023,East Midlands,301,6727
21 December 2022 to 03 January 2023,East of England,433,10142
21 December 2022 to 03 January 2023,England,,86050
21 December 2022 to 03 January 2023,England ,3501,
21 December 2022 to 03 January 2023,London,585,15490
21 December 2022 to 03 January 2023,North East,132,3685
21 December 2022 to 03 January 2023,North West,414,11534
21 December 2022 to 03 January 2023,South East,599,13360
21 December 2022 to 03 January 2023,South West,411,8543
21 December 2022 to 03 January 2023,West Midlands,289,7983
21 December 2022 to 03 January 2023,Yorkshire and The Humber,337,8586
21 July 2021 to 03 August 2021,East Midlands,111,10470
21 July 2021 to 03 August 2021,East of England,108,14796
21 July 2021 to 03 August 2021,England,,138566
21 July 2021 to 03 August 2021,England ,1474,
21 July 2021 to 03 August 2021,London,346,29736
21 July 2021 to 03 August 2021,North East,110,5816
21 July 2021 to 03 August 2021,North West,211,17486
21 July 2021 to 03 August 2021,South East,166,22470
21 July 2021 to 03 August 2021,South West,82,10954
21 July 2021 to 03 August 2021,West Midlands,150,12386
21 July 2021 to 03 August 2021,Yorkshire and The Humber,190,14452
22 December 2021 to 04 January 2022,East Midlands,359,7704
22 December 2021 to 04 January 2022,East of England,485,12317
22 December 2021 to 04 January 2022,England,,106426
22 December 2021 to 04 January 2022,England ,5430,
22 December 2021 to 04 January 2022,London,1445,20530
22 December 2021 to 04 January 2022,North East,229,4596
22 December 2021 to 04 January 2022,North West,896,13469
22 December 2021 to 04 January 2022,South East,664,17122
22 December 2021 to 04 January 2022,South West,318,10848
22 December 2021 to 04 January 2022,West Midlands,445,9311
22 December 2021 to 04 January 2022,Yorkshire and The Humber,589,10529
22 July 2020 to 04 August 2020,East Midlands,[c],4239
22 July 2020 to 04 August 2020,East of England,4,4565
22 July 2020 to 04 August 2020,England,,43751
22 July 2020 to 04 August 2020,England ,25,
22 July 2020 to 04 August 2020,London,4,3951
22 July 2020 to 04 August 2020,North East,[c],2249
22 July 2020 to 04 August 2020,North West,6,5904
22 July 2020 to 04 August 2020,South East,[c],8267
22 July 2020 to 04 August 2020,South West,3,5384
22 July 2020 to 04 August 2020,West Midlands,[c],4446
22 July 2020 to 04 August 2020,Yorkshire and The Humber,[c],4746
22 June 2022 to 05 July 2022,East Midlands,268,6392
22 June 2022 to 05 July 2022,East of England,457,9618
22 June 2022 to 05 July 2022,England,,85731
22 June 2022 to 05 July 2022,England ,3967,
22 June 2022 to 05 July 2022,London,772,15966
22 June 2022 to 05 July 2022,North East,162,3298
22 June 2022 to 05 July 2022,North West,566,12016
22 June 2022 to 05 July 2022,South East,635,13924
22 June 2022 to 05 July 2022,South West,432,9239
22 June 2022 to 05 July 2022,West Midlands,331,6997
22 June 2022 to 05 July 2022,Yorkshire and The Humber,344,8281
23 December 2020 to 05 January 2021,East Midlands,182,10013
23 December 2020 to 05 January 2021,East of England,400,17812
23 December 2020 to 05 January 2021,England,,141892
23 December 2020 to 05 January 2021,England ,3033,
23 December 2020 to 05 January 2021,London,983,28034
23 December 2020 to 05 January 2021,North East,127,6710
23 December 2020 to 05 January 2021,North West,406,19716
23 December 2020 to 05 January 2021,South East,448,21636
23 December 2020 to 05 January 2021,South West,104,12458
23 December 2020 to 05 January 2021,West Midlands,211,12265
23 December 2020 to 05 January 2021,Yorkshire and The Humber,172,13248
23 June 2021 to 06 July 2021,East Midlands,56,10034
23 June 2021 to 06 July 2021,East of England,45,14095
23 June 2021 to 06 July 2021,England,,137774
23 June 2021 to 06 July 2021,England ,685,
23 June 2021 to 06 July 2021,London,142,30681
23 June 2021 to 06 July 2021,North East,61,5618
23 June 2021 to 06 July 2021,North West,156,15699
23 June 2021 to 06 July 2021,South East,50,22356
23 June 2021 to 06 July 2021,South West,38,11532
23 June 2021 to 06 July 2021,West Midlands,57,13303
23 June 2021 to 06 July 2021,Yorkshire and The Humber,80,14456
23 November 2022 to 06 December 2022,East Midlands,148,7912
23 November 2022 to 06 December 2022,East of England,274,11472
23 November 2022 to 06 December 2022,England,,101509
23 November 2022 to 06 December 2022,England ,2131,
23 November 2022 to 06 December 2022,London,403,18164
23 November 2022 to 06 December 2022,North East,91,4720
23 November 2022 to 06 December 2022,North West,315,14026
23 November 2022 to 06 December 2022,South East,315,15612
23 November 2022 to 06 December 2022,South West,216,9955
23 November 2022 to 06 December 2022,West Midlands,162,9410
23 November 2022 to 06 December 2022,Yorkshire and The Humber,207,10238
24 June 2020 to 07 July 2020,East Midlands,[c],3895
24 June 2020 to 07 July 2020,East of England,[c],4611
24 June 2020 to 07 July 2020,England,,41420
24 June 2020 to 07 July 2020,England ,14,
24 June 2020 to 07 July 2020,London,3,3708
24 June 2020 to 07 July 2020,North East,[c],2329
24 June 2020 to 07 July 2020,North West,[c],5626
24 June 2020 to 07 July 2020,South East,[c],7421
24 June 2020 to 07 July 2020,South West,[c],5055
24 June 2020 to 07 July 2020,West Midlands,[c],4308
24 June 2020 to 07 July 2020,Yorkshire and The Humber,3,4467
24 November 2021 to 07 December 2021,East Midlands,139,10294
24 November 2021 to 07 December 2021,East of England,214,15778
24 November 2021 to 07 December 2021,England,,143309
24 November 2021 to 07 December 2021,England ,2106,
24 November 2021 to 07 December 2021,London,452,28357
24 November 2021 to 07 December 2021,North East,100,6287
24 November 2021 to 07 December 2021,North West,233,18385
24 November 2021 to 07 December 2021,South East,386,22724
24 November 2021 to 07 December 2021,South West,242,14612
24 November 2021 to 07 December 2021,West Midlands,164,12902
24 November 2021 to 07 December 2021,Yorkshire and The Humber,176,13970
25 May 2022 to 07 June 2022,East Midlands,97,7155
25 May 2022 to 07 June 2022,East of England,162,10637
25 May 2022 to 07 June 2022,England,,92295
25 May 2022 to 07 June 2022,England ,1547,
25 May 2022 to 07 June 2022,London,315,16859
25 May 2022 to 07 June 2022,North East,88,3923
25 May 2022 to 07 June 2022,North West,211,12879
25 May 2022 to 07 June 2022,South East,245,14529
25 May 2022 to 07 June 2022,South West,149,9126
25 May 2022 to 07 June 2022,West Midlands,125,7750
25 May 2022 to 07 June 2022,Yorkshire and The Humber,155,9437
25 November 2020 to 08 December 2020,East Midlands,167,14012
25 November 2020 to 08 December 2020,East of England,167,26845
25 November 2020 to 08 December 2020,England,,201679
25 November 2020 to 08 December 2020,England ,1851,
25 November 2020 to 08 December 2020,London,420,44217
25 November 2020 to 08 December 2020,North East,95,8309
25 November 2020 to 08 December 2020,North West,330,25733
25 November 2020 to 08 December 2020,South East,200,29366
25 November 2020 to 08 December 2020,South West,72,18044
25 November 2020 to 08 December 2020,West Midlands,170,17172
25 November 2020 to 08 December 2020,Yorkshire and The Humber,230,17981
26 May 2021 to 08 June 2021,East Midlands,14,10327
26 May 2021 to 08 June 2021,East of England,7,13525
26 May 2021 to 08 June 2021,England,,137331
26 May 2021 to 08 June 2021,England ,197,
26 May 2021 to 08 June 2021,London,39,26981
26 May 2021 to 08 June 2021,North East,5,6809
26 May 2021 to 08 June 2021,North West,72,19241
26 May 2021 to 08 June 2021,South East,17,21626
26 May 2021 to 08 June 2021,South West,3,11156
26 May 2021 to 08 June 2021,West Midlands,14,12896
26 May 2021 to 08 June 2021,Yorkshire and The Humber,26,14770
26 October 2022 to 08 November 2022,East Midlands,212,8835
26 October 2022 to 08 November 2022,East of England,313,13051
26 October 2022 to 08 November 2022,England,,114636
26 October 2022 to 08 November 2022,England ,2584,
26 October 2022 to 08 November 2022,London,399,20399
26 October 2022 to 08 November 2022,North East,134,5218
26 October 2022 to 08 November 2022,North West,360,15885
26 October 2022 to 08 November 2022,South East,362,17459
26 October 2022 to 08 November 2022,South West,282,11608
26 October 2022 to 08 November 2022,West Midlands,251,10655
26 October 2022 to 08 November 2022,Yorkshire and The Humber,271,11526
27 April 2022 to 10 May 2022,East Midlands,222,8536
27 April 2022 to 10 May 2022,East of England,289,12854
27 April 2022 to 10 May 2022,England,,114235
27 April 2022 to 10 May 2022,England ,2611,
27 April 2022 to 10 May 2022,London,425,21057
27 April 2022 to 10 May 2022,North East,114,4956
27 April 2022 to 10 May 2022,North West,374,15182
27 April 2022 to 10 May 2022,South East,392,17769
27 April 2022 to 10 May 2022,South West,280,11576
27 April 2022 to 10 May 2022,West Midlands,215,10235
27 April 2022 to 10 May 2022,Yorkshire and The Humber,300,12070
27 May 2020 to 09 June 2020,East Midlands,7,3607
27 May 2020 to 09 June 2020,East of England,[c],4244
27 May 2020 to 09 June 2020,England,,38008
27 May 2020 to 09 June 2020,England ,24,
27 May 2020 to 09 June 2020,London,[c],3296
27 May 2020 to 09 June 2020,North East,[c],2104
27 May 2020 to 09 June 2020,North West,10,5342
27 May 2020 to 09 June 2020,South East,[c],6753
27 May 2020 to 09 June 2020,South West,[c],4624
27 May 2020 to 09 June 2020,West Midlands,[c],3869
27 May 2020 to 09 June 2020,Yorkshire and The Humber,4,4169
27 October 2021 to 09 November 2021,East Midlands,184,11035
27 October 2021 to 09 November 2021,East of England,271,17375
27 October 2021 to 09 November 2021,England,,161237
27 October 2021 to 09 November 2021,England ,2338,
27 October 2021 to 09 November 2021,London,365,33996
27 October 2021 to 09 November 2021,North East,98,6528
27 October 2021 to 09 November 2021,North West,306,21787
27 October 2021 to 09 November 2021,South East,306,24521
27 October 2021 to 09 November 2021,South West,279,15909
27 October 2021 to 09 November 2021,West Midlands,241,14641
27 October 2021 to 09 November 2021,Yorkshire and The Humber,288,15445
28 April 2021 to 11 May 2021,East Midlands,11,11302
28 April 2021 to 11 May 2021,East of England,9,16013
28 April 2021 to 11 May 2021,England,,146848
28 April 2021 to 11 May 2021,England ,113,
28 April 2021 to 11 May 2021,London,32,28776
28 April 2021 to 11 May 2021,North East,6,6369
28 April 2021 to 11 May 2021,North West,16,20648
28 April 2021 to 11 May 2021,South East,14,22717
28 April 2021 to 11 May 2021,South West,4,12566
28 April 2021 to 11 May 2021,West Midlands,3,13648
28 April 2021 to 11 May 2021,Yorkshire and The Humber,18,14809
28 October 2020 to 10 November 2020,East Midlands,198,15908
28 October 2020 to 10 November 2020,East of England,137,26363
28 October 2020 to 10 November 2020,England,,203446
28 October 2020 to 10 November 2020,England ,2298,
28 October 2020 to 10 November 2020,London,282,36326
28 October 2020 to 10 November 2020,North East,134,10479
28 October 2020 to 10 November 2020,North West,625,28886
28 October 2020 to 10 November 2020,South East,199,29011
28 October 2020 to 10 November 2020,South West,112,17199
28 October 2020 to 10 November 2020,West Midlands,235,19129
28 October 2020 to 10 November 2020,Yorkshire and The Humber,376,20145
28 September 2022 to 11 October 2022,East Midlands,281,8280
28 September 2022 to 11 October 2022,East of England,381,11628
28 September 2022 to 11 October 2022,England,,104157
28 September 2022 to 11 October 2022,England ,3338,
28 September 2022 to 11 October 2022,London,485,19506
28 September 2022 to 11 October 2022,North East,154,4454
28 September 2022 to 11 October 2022,North West,459,14335
28 September 2022 to 11 October 2022,South East,526,15729
28 September 2022 to 11 October 2022,South West,335,10306
28 September 2022 to 11 October 2022,West Midlands,348,9794
28 September 2022 to 11 October 2022,Yorkshire and The Humber,369,10125
29 April 2020 to 12 May 2020,East Midlands,9,1880
29 April 2020 to 12 May 2020,East of England,8,2114
29 April 2020 to 12 May 2020,England,,17523
29 April 2020 to 12 May 2020,England ,47,
29 April 2020 to 12 May 2020,London,7,1742
29 April 2020 to 12 May 2020,North East,[c],956
29 April 2020 to 12 May 2020,North West,3,1887
29 April 2020 to 12 May 2020,South East,9,2868
29 April 2020 to 12 May 2020,South West,[c],2003
29 April 2020 to 12 May 2020,West Midlands,[c],2170
29 April 2020 to 12 May 2020,Yorkshire and The Humber,6,1903
29 September 2021 to 12 October 2021,East Midlands,155,11043
29 September 2021 to 12 October 2021,East of England,226,18239
29 September 2021 to 12 October 2021,England,,162384
29 September 2021 to 12 October 2021,England ,2126,
29 September 2021 to 12 October 2021,London,274,32129
29 September 2021 to 12 October 2021,North East,117,6837
29 September 2021 to 12 October 2021,North West,358,22298
29 September 2021 to 12 October 2021,South East,271,25904
29 September 2021 to 12 October 2021,South West,256,16065
29 September 2021 to 12 October 2021,West Midlands,208,14579
29 September 2021 to 12 October 2021,Yorkshire and The Humber,261,15290
30 March 2022 to 12 April 2022,East Midlands,685,9728
30 March 2022 to 12 April 2022,East of England,936,14297
30 March 2022 to 12 April 2022,England,,132296
30 March 2022 to 12 April 2022,England ,8945,
30 March 2022 to 12 April 2022,London,1566,24527
30 March 2022 to 12 April 2022,North East,391,5780
30 March 2022 to 12 April 2022,North West,1275,18832
30 March 2022 to 12 April 2022,South East,1334,20866
30 March 2022 to 12 April 2022,South West,952,13217
30 March 2022 to 12 April 2022,West Midlands,842,12016
30 March 2022 to 12 April 2022,Yorkshire and The Humber,964,13033
30 September 2020 to 13 October 2020,East Midlands,110,18251
30 September 2020 to 13 October 2020,East of England,64,29222
30 September 2020 to 13 October 2020,England,,247008
30 September 2020 to 13 October 2020,England ,1400,
30 September 2020 to 13 October 2020,London,181,46462
30 September 2020 to 13 October 2020,North East,131,12151
30 September 2020 to 13 October 2020,North West,420,36160
30 September 2020 to 13 October 2020,South East,86,35730
30 September 2020 to 13 October 2020,South West,59,21808
30 September 2020 to 13 October 2020,West Midlands,104,23288
30 September 2020 to 13 October 2020,Yorkshire and The Humber,245,23936
31 August 2022 to 13 September 2022,East Midlands,127,8572
31 August 2022 to 13 September 2022,East of England,164,13232
31 August 2022 to 13 September 2022,England,,113444
31 August 2022 to 13 September 2022,England ,1544,
31 August 2022 to 13 September 2022,London,244,20096
31 August 2022 to 13 September 2022,North East,85,5051
31 August 2022 to 13 September 2022,North West,214,15515
31 August 2022 to 13 September 2022,South East,228,17686
31 August 2022 to 13 September 2022,South West,160,11324
31 August 2022 to 13 September 2022,West Midlands,156,10502
31 August 2022 to 13 September 2022,Yorkshire and The Humber,166,11466
31 March 2021 to 13 April 2021,East Midlands,28,10272
31 March 2021 to 13 April 2021,East of England,12,16371
31 March 2021 to 13 April 2021,England,,141264
31 March 2021 to 13 April 2021,England ,277,
31 March 2021 to 13 April 2021,London,58,28981
31 March 2021 to 13 April 2021,North East,12,6353
31 March 2021 to 13 April 2021,North West,70,19572
31 March 2021 to 13 April 2021,South East,29,20960
31 March 2021 to 13 April 2021,South West,6,12730
31 March 2021 to 13 April 2021,West Midlands,29,12251
31 March 2021 to 13 April 2021,Yorkshire and The Humber,33,13774